{
    "generated_at": "2025-12-10T23:37:00Z",
    "thesis": "Every time a creator works, they leave behind a trail of data. Trail-aware tools watch this trail in real time.",
    "repository": "COURAGE",
    "total_families": 12,
    "trail_levels": {
        "0": "Trails as Exhaust - Raw debug/test artifacts",
        "1": "Trails as Features - Functional tools",
        "2": "Trails as Backbone - Core infrastructure"
    },
    "zones": [
        {
            "id": "wag-system",
            "label": "WAG PEAKS",
            "type": "mountain",
            "color": "#ef4444",
            "position": {
                "x": 0.45,
                "y": 0.18
            },
            "trailLevel": 2,
            "fileCount": 18,
            "dateRange": "Nov 18 - Dec 10",
            "artifacts": [
                {
                    "text": "wag-brave.html",
                    "actor": 1,
                    "type": "artifact",
                    "timestamp": "2025-11-19T03:30:30.318194",
                    "size_human": "108.52 KB",
                    "path": "/Users/gaia/COURAGE/wag-brave.html"
                },
                {
                    "text": "wag-grid-walk.html",
                    "actor": 1,
                    "type": "artifact",
                    "timestamp": "2025-11-19T02:25:27.614818",
                    "size_human": "106.51 KB",
                    "path": "/Users/gaia/COURAGE/wag-grid-walk.html"
                },
                {
                    "text": "wag-were-twilight.html",
                    "actor": 1,
                    "type": "artifact",
                    "timestamp": "2025-11-19T16:44:34.417768",
                    "size_human": "53.20 KB",
                    "path": "/Users/gaia/COURAGE/wag-were-twilight.html"
                },
                {
                    "text": "wag-yark.html",
                    "actor": 1,
                    "type": "artifact",
                    "timestamp": "2025-11-19T17:29:41.167471",
                    "size_human": "25.47 KB",
                    "path": "/Users/gaia/COURAGE/wag-yark.html"
                },
                {
                    "text": "wag-workshop.html",
                    "actor": 1,
                    "type": "artifact",
                    "timestamp": "2025-12-02T12:36:38.559053",
                    "size_human": "23.99 KB",
                    "path": "/Users/gaia/COURAGE/wag-workshop.html"
                },
                {
                    "text": "wag-frank-tetrad.html",
                    "actor": 1,
                    "type": "artifact",
                    "timestamp": "2025-11-23T19:35:58.364681",
                    "size_human": "675.85 KB",
                    "path": "/Users/gaia/COURAGE/wag-frank-tetrad.html"
                },
                {
                    "text": "wag-frank-tetrad-inception.html",
                    "actor": 1,
                    "type": "artifact",
                    "timestamp": "2025-11-24T06:19:25.648230",
                    "size_human": "702.79 KB",
                    "path": "/Users/gaia/COURAGE/wag-frank-tetrad-inception.html"
                },
                {
                    "text": "wag-frank-olog.html",
                    "actor": 1,
                    "type": "artifact",
                    "timestamp": "2025-11-24T01:31:55.288969",
                    "size_human": "15.56 KB",
                    "path": "/Users/gaia/COURAGE/wag-frank-olog.html"
                },
                {
                    "text": "wag-frank-studio.html",
                    "actor": 1,
                    "type": "artifact",
                    "timestamp": "2025-11-24T01:27:15.755548",
                    "size_human": "16.38 KB",
                    "path": "/Users/gaia/COURAGE/wag-frank-studio.html"
                },
                {
                    "text": "wag-frank-terminal.html",
                    "actor": 1,
                    "type": "artifact",
                    "timestamp": "2025-11-24T01:30:43.456070",
                    "size_human": "33.01 KB",
                    "path": "/Users/gaia/COURAGE/wag-frank-terminal.html"
                },
                {
                    "text": "wag-frank-unified.html",
                    "actor": 1,
                    "type": "artifact",
                    "timestamp": "2025-11-24T01:31:32.758494",
                    "size_human": "34.18 KB",
                    "path": "/Users/gaia/COURAGE/wag-frank-unified.html"
                }
            ],
            "decisions": [
                "9\u00d79 spatial grid for narrative",
                "Ring buffer memory architecture",
                "McLuhan Four Laws (Tetrad) integration",
                "Frank framework for unified views"
            ],
            "patterns": [
                "anti-tool-design",
                "ring-memory",
                "tetrad-analysis",
                "spatial-language"
            ],
            "intent": "Make language spatial, computation memory-aware through LEGO-like word assembly"
        },
        {
            "id": "gold-snapshots",
            "label": "GOLD DELTA",
            "type": "river",
            "color": "#3b82f6",
            "position": {
                "x": 0.22,
                "y": 0.32
            },
            "trailLevel": 1,
            "fileCount": 7,
            "dateRange": "Nov 19 - Nov 22",
            "artifacts": [
                {
                    "text": "gold-nba.json",
                    "actor": 1,
                    "type": "artifact",
                    "timestamp": "2025-11-19T09:19:24.874566",
                    "size_human": "371.96 KB",
                    "path": "/Users/gaia/COURAGE/gold-nba.json"
                },
                {
                    "text": "gold_test.json",
                    "actor": 1,
                    "type": "artifact",
                    "timestamp": "2025-11-20T04:57:25.179589",
                    "size_human": "24.70 KB",
                    "path": "/Users/gaia/COURAGE/gold_test.json"
                },
                {
                    "text": "wag-gold-scene.json",
                    "actor": 1,
                    "type": "artifact",
                    "timestamp": "2025-11-19T08:09:34.139040",
                    "size_human": "371.96 KB",
                    "path": "/Users/gaia/COURAGE/wag-gold-scene.json"
                },
                {
                    "text": "test-wag-gold.json",
                    "actor": 1,
                    "type": "artifact",
                    "timestamp": "2025-11-21T16:26:53.091046",
                    "size_human": "443.24 KB",
                    "path": "/Users/gaia/COURAGE/test-wag-gold.json"
                },
                {
                    "text": "wag_gold_scene_1_*.json",
                    "actor": 1,
                    "type": "artifact",
                    "timestamp": "2025-11-01T00:00:00Z",
                    "size_human": "Unknown"
                }
            ],
            "decisions": [
                "JSON scene serialization format",
                "Timestamped snapshot exports",
                "NBA test scene calibration"
            ],
            "patterns": [
                "scene-snapshot",
                "json-serialization",
                "state-persistence"
            ],
            "intent": "Persist WAG state for sharing, reload, and provenance tracking"
        },
        {
            "id": "onyx-narrative",
            "label": "ONYX HIGHLANDS",
            "type": "highlands",
            "color": "#10b981",
            "position": {
                "x": 0.72,
                "y": 0.25
            },
            "trailLevel": 2,
            "fileCount": 10,
            "dateRange": "Dec 1 - Dec 2",
            "artifacts": [
                {
                    "text": "onyx.html",
                    "actor": 1,
                    "type": "artifact",
                    "timestamp": "2025-12-01T17:31:51.538628",
                    "size_human": "32.65 KB",
                    "path": "/Users/gaia/COURAGE/onyx.html"
                },
                {
                    "text": "onyx-builder.html",
                    "actor": 1,
                    "type": "artifact",
                    "timestamp": "2025-12-01T19:53:11.171698",
                    "size_human": "592.20 KB",
                    "path": "/Users/gaia/COURAGE/onyx-builder.html"
                },
                {
                    "text": "onyx-scenes.html",
                    "actor": 1,
                    "type": "artifact",
                    "timestamp": "2025-12-02T00:08:01.563971",
                    "size_human": "701.18 KB",
                    "path": "/Users/gaia/COURAGE/onyx-scenes.html"
                },
                {
                    "text": "onyx-branch.html",
                    "actor": 1,
                    "type": "artifact",
                    "timestamp": "2025-12-01T17:37:27.926945",
                    "size_human": "19.63 KB",
                    "path": "/Users/gaia/COURAGE/onyx-branch.html"
                },
                {
                    "text": "onyx-unified.html",
                    "actor": 1,
                    "type": "artifact",
                    "timestamp": "2025-12-01T17:57:45.609622",
                    "size_human": "24.13 KB",
                    "path": "/Users/gaia/COURAGE/onyx-unified.html"
                },
                {
                    "text": "onyx-presentation.html",
                    "actor": 1,
                    "type": "artifact",
                    "timestamp": "2025-12-01T18:02:43.017926",
                    "size_human": "28.02 KB",
                    "path": "/Users/gaia/COURAGE/onyx-presentation.html"
                },
                {
                    "text": "onyx-reactor.html",
                    "actor": 1,
                    "type": "artifact",
                    "timestamp": "2025-12-01T17:36:22.192060",
                    "size_human": "36.51 KB",
                    "path": "/Users/gaia/COURAGE/onyx-reactor.html"
                },
                {
                    "text": "onyx-remade.html",
                    "actor": 1,
                    "type": "artifact",
                    "timestamp": "2025-12-01T19:53:04.574533",
                    "size_human": "22.17 KB",
                    "path": "/Users/gaia/COURAGE/onyx-remade.html"
                },
                {
                    "text": "onyx-storytelling.html",
                    "actor": 1,
                    "type": "artifact",
                    "timestamp": "2025-12-01T18:19:57.661297",
                    "size_human": "45.27 KB",
                    "path": "/Users/gaia/COURAGE/onyx-storytelling.html"
                },
                {
                    "text": "onyx-media.html",
                    "actor": 1,
                    "type": "artifact",
                    "timestamp": "2025-12-01T19:45:15.025545",
                    "size_human": "46.52 KB",
                    "path": "/Users/gaia/COURAGE/onyx-media.html"
                }
            ],
            "decisions": [
                "8 narrative entity types (Entity, Goal, Obstacle, etc.)",
                "Category-theoretic type mapping",
                "Visual-to-narrative functor"
            ],
            "patterns": [
                "narrative-ontology",
                "entity-type-mapping",
                "category-functor"
            ],
            "intent": "Story structure formalization through ontological types"
        },
        {
            "id": "gar-segmentation",
            "label": "GAR RANGE",
            "type": "plateau",
            "color": "#d97706",
            "position": {
                "x": 0.58,
                "y": 0.42
            },
            "trailLevel": 2,
            "fileCount": 12,
            "dateRange": "Nov 30 - Dec 2",
            "artifacts": [
                {
                    "text": "gar-00.html",
                    "actor": 1,
                    "type": "artifact",
                    "timestamp": "2025-11-30T23:39:41.522505",
                    "size_human": "8.87 KB",
                    "path": "/Users/gaia/COURAGE/gar-00.html"
                },
                {
                    "text": "gar-01.html",
                    "actor": 1,
                    "type": "artifact",
                    "timestamp": "2025-12-02T04:16:33.676126",
                    "size_human": "23.28 KB",
                    "path": "/Users/gaia/COURAGE/gar-01.html"
                },
                {
                    "text": "gar-02.html",
                    "actor": 1,
                    "type": "artifact",
                    "timestamp": "2025-12-02T04:52:24.813380",
                    "size_human": "30.31 KB",
                    "path": "/Users/gaia/COURAGE/gar-02.html"
                },
                {
                    "text": "gar-03.html",
                    "actor": 1,
                    "type": "artifact",
                    "timestamp": "2025-12-02T04:52:26.700258",
                    "size_human": "29.62 KB",
                    "path": "/Users/gaia/COURAGE/gar-03.html"
                },
                {
                    "text": "gar-04.html",
                    "actor": 1,
                    "type": "artifact",
                    "timestamp": "2025-12-02T06:42:27.252274",
                    "size_human": "58.74 KB",
                    "path": "/Users/gaia/COURAGE/gar-04.html"
                },
                {
                    "text": "gar-05.html",
                    "actor": 1,
                    "type": "artifact",
                    "timestamp": "2025-12-02T04:52:30.748075",
                    "size_human": "42.05 KB",
                    "path": "/Users/gaia/COURAGE/gar-05.html"
                },
                {
                    "text": "gar-06.html",
                    "actor": 1,
                    "type": "artifact",
                    "timestamp": "2025-12-02T06:42:25.202764",
                    "size_human": "57.37 KB",
                    "path": "/Users/gaia/COURAGE/gar-06.html"
                },
                {
                    "text": "gar-07.html",
                    "actor": 1,
                    "type": "artifact",
                    "timestamp": "2025-12-02T04:16:45.357158",
                    "size_human": "55.57 KB",
                    "path": "/Users/gaia/COURAGE/gar-07.html"
                },
                {
                    "text": "gar-tao.html",
                    "actor": 1,
                    "type": "artifact",
                    "timestamp": "2025-12-02T12:08:32.407228",
                    "size_human": "91.85 KB",
                    "path": "/Users/gaia/COURAGE/gar-tao.html"
                },
                {
                    "text": "gar-tao-explainer.html",
                    "actor": 1,
                    "type": "artifact",
                    "timestamp": "2025-12-02T07:40:19.676585",
                    "size_human": "20.41 KB",
                    "path": "/Users/gaia/COURAGE/gar-tao-explainer.html"
                },
                {
                    "text": "gar-onyx-studio.html",
                    "actor": 1,
                    "type": "artifact",
                    "timestamp": "2025-12-02T05:25:58.830458",
                    "size_human": "19.41 KB",
                    "path": "/Users/gaia/COURAGE/gar-onyx-studio.html"
                },
                {
                    "text": "gar-onyx-presentation.html",
                    "actor": 1,
                    "type": "artifact",
                    "timestamp": "2025-12-02T07:42:50.067293",
                    "size_human": "21.61 KB",
                    "path": "/Users/gaia/COURAGE/gar-onyx-presentation.html"
                },
                {
                    "text": "gar-onyx-research-olog.md",
                    "actor": 1,
                    "type": "artifact",
                    "timestamp": "2025-11-01T00:00:00Z",
                    "size_human": "Unknown"
                },
                {
                    "text": "courage-trail-olog.html",
                    "actor": 1,
                    "type": "artifact",
                    "timestamp": "2025-12-10T23:37:00Z",
                    "size_human": "70 KB"
                },
                {
                    "text": "TRAILS_AND_REFLECTIONS.md",
                    "actor": 1,
                    "type": "artifact",
                    "timestamp": "2025-12-11T03:30:00Z",
                    "size_human": "3 KB"
                }
            ],
            "decisions": [
                "K-means visual clustering",
                "20\u00d720 to 9\u00d79 downsampling",
                "Color-to-type semantic mapping"
            ],
            "patterns": [
                "visual-segmentation",
                "category-theory",
                "ekphrasis"
            ],
            "intent": "Bridge visual perception and narrative cognition"
        },
        {
            "id": "skeleton-structure",
            "label": "SKELETON BASIN",
            "type": "valley",
            "color": "#8b5cf6",
            "position": {
                "x": 0.28,
                "y": 0.55
            },
            "trailLevel": 2,
            "fileCount": 6,
            "dateRange": "Nov 21 - Nov 22",
            "artifacts": [
                {
                    "text": "skeleton-control-room.html",
                    "actor": 1,
                    "type": "artifact",
                    "timestamp": "2025-11-22T02:17:59.336210",
                    "size_human": "28.74 KB",
                    "path": "/Users/gaia/COURAGE/skeleton-control-room.html"
                },
                {
                    "text": "skeleton-ontology-explorer.html",
                    "actor": 1,
                    "type": "artifact",
                    "timestamp": "2025-11-22T02:00:04.218437",
                    "size_human": "45.43 KB",
                    "path": "/Users/gaia/COURAGE/skeleton-ontology-explorer.html"
                },
                {
                    "text": "skeleton-pathology-diagnosis.md",
                    "actor": 1,
                    "type": "artifact",
                    "timestamp": "2025-11-22T04:17:21.344029",
                    "size_human": "6.20 KB",
                    "path": "/Users/gaia/COURAGE/skeleton-pathology-diagnosis.md"
                },
                {
                    "text": "skeleton-pathology-studio.html",
                    "actor": 1,
                    "type": "artifact",
                    "timestamp": "2025-11-22T00:34:16.918352",
                    "size_human": "5.89 KB",
                    "path": "/Users/gaia/COURAGE/skeleton-pathology-studio.html"
                },
                {
                    "text": "stud-skeleton-binding-demo.html",
                    "actor": 1,
                    "type": "artifact",
                    "timestamp": "2025-11-21T20:50:36.591208",
                    "size_human": "23.19 KB",
                    "path": "/Users/gaia/COURAGE/stud-skeleton-binding-demo.html"
                },
                {
                    "text": "stud-skeleton-binding-enhanced.html",
                    "actor": 1,
                    "type": "artifact",
                    "timestamp": "2025-11-21T20:59:18.902587",
                    "size_human": "30.58 KB",
                    "path": "/Users/gaia/COURAGE/stud-skeleton-binding-enhanced.html"
                }
            ],
            "decisions": [
                "Hierarchical parent-child binding",
                "Pathology diagnosis system",
                "Stud-based spatial anchoring"
            ],
            "patterns": [
                "parent-child-binding",
                "structural-pathology",
                "stud-anchoring"
            ],
            "intent": "Articulated structure control with diagnostic capabilities"
        },
        {
            "id": "timber-trees",
            "label": "TIMBER WOODS",
            "type": "forest",
            "color": "#22c55e",
            "position": {
                "x": 0.82,
                "y": 0.48
            },
            "trailLevel": 2,
            "fileCount": 3,
            "dateRange": "Nov 20 - Nov 21",
            "artifacts": [
                {
                    "text": "timber-master.html",
                    "actor": 1,
                    "type": "artifact",
                    "timestamp": "2025-11-20T02:30:08.954792",
                    "size_human": "49.82 KB",
                    "path": "/Users/gaia/COURAGE/timber-master.html"
                },
                {
                    "text": "timber-master-v2.html",
                    "actor": 1,
                    "type": "artifact",
                    "timestamp": "2025-11-20T03:44:33.557735",
                    "size_human": "63.34 KB",
                    "path": "/Users/gaia/COURAGE/timber-master-v2.html"
                },
                {
                    "text": "TIMBER-tutorial.html",
                    "actor": 1,
                    "type": "artifact",
                    "timestamp": "2025-11-21T01:01:36.776908",
                    "size_human": "27.77 KB",
                    "path": "/Users/gaia/COURAGE/TIMBER-tutorial.html"
                }
            ],
            "decisions": [
                "Tree visualization pattern",
                "Master-detail view architecture",
                "Tutorial-first documentation"
            ],
            "patterns": [
                "tree-hierarchy",
                "master-viewer",
                "tutorial-driven"
            ],
            "intent": "Hierarchical data exploration with learning-first design"
        },
        {
            "id": "brick-construction",
            "label": "BRICK HAVEN",
            "type": "settlement",
            "color": "#ec4899",
            "position": {
                "x": 0.15,
                "y": 0.72
            },
            "trailLevel": 2,
            "fileCount": 4,
            "dateRange": "Nov 19 - Nov 20",
            "artifacts": [
                {
                    "text": "brick-haven-central.html",
                    "actor": 1,
                    "type": "artifact",
                    "timestamp": "2025-11-20T02:19:16.195298",
                    "size_human": "18.90 KB",
                    "path": "/Users/gaia/COURAGE/brick-haven-central.html"
                },
                {
                    "text": "brick-haven-previs.html",
                    "actor": 1,
                    "type": "artifact",
                    "timestamp": "2025-11-20T02:08:33.354161",
                    "size_human": "25.48 KB",
                    "path": "/Users/gaia/COURAGE/brick-haven-previs.html"
                },
                {
                    "text": "brick_haven_city.mpd",
                    "actor": 1,
                    "type": "artifact",
                    "timestamp": "2025-11-19T22:31:30.242773",
                    "size_human": "10.21 KB",
                    "path": "/Users/gaia/COURAGE/brick_haven_city.mpd"
                },
                {
                    "text": "brick_haven_tutorial.html",
                    "actor": 1,
                    "type": "artifact",
                    "timestamp": "2025-11-20T01:50:30.030867",
                    "size_human": "38.24 KB",
                    "path": "/Users/gaia/COURAGE/brick_haven_tutorial.html"
                }
            ],
            "decisions": [
                "LDraw MPD format",
                "Modular city construction",
                "Previs workflow"
            ],
            "patterns": [
                "ldraw-composition",
                "modular-city",
                "previs-workflow"
            ],
            "intent": "3D city building demonstration with LDraw comprehension"
        },
        {
            "id": "mesh-temporal",
            "label": "TEMPORAL MESA",
            "type": "plateau",
            "color": "#f59e0b",
            "position": {
                "x": 0.48,
                "y": 0.65
            },
            "trailLevel": 1,
            "fileCount": 6,
            "dateRange": "Nov 22",
            "artifacts": [
                {
                    "text": "temporal-mesh-lab.html",
                    "actor": 1,
                    "type": "artifact",
                    "timestamp": "2025-11-22T05:16:24.650789",
                    "size_human": "21.44 KB",
                    "path": "/Users/gaia/COURAGE/temporal-mesh-lab.html"
                },
                {
                    "text": "temporal-mesh-encoding.md",
                    "actor": 1,
                    "type": "artifact",
                    "timestamp": "2025-11-22T04:41:53.142894",
                    "size_human": "9.46 KB",
                    "path": "/Users/gaia/COURAGE/temporal-mesh-encoding.md"
                },
                {
                    "text": "temporal-mesh-instrumentation.md",
                    "actor": 1,
                    "type": "artifact",
                    "timestamp": "2025-11-22T05:04:52.584629",
                    "size_human": "12.43 KB",
                    "path": "/Users/gaia/COURAGE/temporal-mesh-instrumentation.md"
                },
                {
                    "text": "mesh-compilation-data-flow.md",
                    "actor": 1,
                    "type": "artifact",
                    "timestamp": "2025-11-22T04:35:12.112236",
                    "size_human": "6.20 KB",
                    "path": "/Users/gaia/COURAGE/mesh-compilation-data-flow.md"
                },
                {
                    "text": "mesh-primitive-breakdown.md",
                    "actor": 1,
                    "type": "artifact",
                    "timestamp": "2025-11-22T04:37:03.800116",
                    "size_human": "9.84 KB",
                    "path": "/Users/gaia/COURAGE/mesh-primitive-breakdown.md"
                },
                {
                    "text": "assembly-line.html",
                    "actor": 1,
                    "type": "artifact",
                    "timestamp": "2025-11-22T04:24:25.865117",
                    "size_human": "97.25 KB",
                    "path": "/Users/gaia/COURAGE/assembly-line.html"
                },
                {
                    "text": "assembly-line-single-mesh.html",
                    "actor": 1,
                    "type": "artifact",
                    "timestamp": "2025-11-22T04:56:21.953879",
                    "size_human": "19.18 KB",
                    "path": "/Users/gaia/COURAGE/assembly-line-single-mesh.html"
                }
            ],
            "decisions": [
                "Time-based mesh encoding",
                "Instrumentation protocols",
                "Primitive decomposition"
            ],
            "patterns": [
                "temporal-encoding",
                "mesh-instrumentation",
                "primitive-breakdown"
            ],
            "intent": "Time-aware geometry representation and assembly"
        },
        {
            "id": "legos-tutorials",
            "label": "LEGOS ACADEMY",
            "type": "academy",
            "color": "#fbbf24",
            "position": {
                "x": 0.85,
                "y": 0.15
            },
            "trailLevel": 2,
            "fileCount": 7,
            "dateRange": "Nov 21 - Nov 24",
            "artifacts": [
                {
                    "text": "LEGOS-tutorial-primal.html",
                    "actor": 1,
                    "type": "artifact",
                    "timestamp": "2025-11-21T00:57:58.646704",
                    "size_human": "55.93 KB",
                    "path": "/Users/gaia/COURAGE/LEGOS-tutorial-primal.html"
                },
                {
                    "text": "legos-gpt-manual.html",
                    "actor": 1,
                    "type": "artifact",
                    "timestamp": "2025-11-24T22:41:28.930361",
                    "size_human": "37.74 KB",
                    "path": "/Users/gaia/COURAGE/legos-gpt-manual.html"
                },
                {
                    "text": "legos-to-ldraw-bridge.html",
                    "actor": 1,
                    "type": "artifact",
                    "timestamp": "2025-11-24T23:08:10.700145",
                    "size_human": "45.54 KB",
                    "path": "/Users/gaia/COURAGE/legos-to-ldraw-bridge.html"
                },
                {
                    "text": "legos-worldbuilding-tutorial.html",
                    "actor": 1,
                    "type": "artifact",
                    "timestamp": "2025-11-23T22:57:51.291048",
                    "size_human": "22.88 KB",
                    "path": "/Users/gaia/COURAGE/legos-worldbuilding-tutorial.html"
                },
                {
                    "text": "lego-3d-architect.html",
                    "actor": 1,
                    "type": "artifact",
                    "timestamp": "2025-11-24T05:32:18.321649",
                    "size_human": "16.31 KB",
                    "path": "/Users/gaia/COURAGE/lego-3d-architect.html"
                },
                {
                    "text": "lego-code-builder.html",
                    "actor": 1,
                    "type": "artifact",
                    "timestamp": "2025-11-24T04:32:19.306769",
                    "size_human": "18.07 KB",
                    "path": "/Users/gaia/COURAGE/lego-code-builder.html"
                },
                {
                    "text": "lego-meta-builder.html",
                    "actor": 1,
                    "type": "artifact",
                    "timestamp": "2025-11-24T04:41:14.288418",
                    "size_human": "25.04 KB",
                    "path": "/Users/gaia/COURAGE/lego-meta-builder.html"
                }
            ],
            "decisions": [
                "Anti-tool design philosophy",
                "GPT integration for generation",
                "LDraw format bridging"
            ],
            "patterns": [
                "anti-tool-design",
                "ai-legos",
                "semantic-translation"
            ],
            "intent": "Comprehensive LEGOS education and tool building"
        },
        {
            "id": "pathology-diagnostic",
            "label": "DIAGNOSTIC CLINIC",
            "type": "clinic",
            "color": "#f43f5e",
            "position": {
                "x": 0.38,
                "y": 0.82
            },
            "trailLevel": 1,
            "fileCount": 3,
            "dateRange": "Nov 22",
            "artifacts": [
                {
                    "text": "pathology-report-schema.md",
                    "actor": 1,
                    "type": "artifact",
                    "timestamp": "2025-11-22T00:12:26.444755",
                    "size_human": "3.15 KB",
                    "path": "/Users/gaia/COURAGE/pathology-report-schema.md"
                },
                {
                    "text": "pathology-report-verification.md",
                    "actor": 1,
                    "type": "artifact",
                    "timestamp": "2025-11-22T00:19:31.645567",
                    "size_human": "3.62 KB",
                    "path": "/Users/gaia/COURAGE/pathology-report-verification.md"
                },
                {
                    "text": "pathology-report-viewer.html",
                    "actor": 1,
                    "type": "artifact",
                    "timestamp": "2025-11-22T00:22:13.158962",
                    "size_human": "14.05 KB",
                    "path": "/Users/gaia/COURAGE/pathology-report-viewer.html"
                }
            ],
            "decisions": [
                "Diagnostic schema definition",
                "Verification rule engine",
                "Report visualization"
            ],
            "patterns": [
                "diagnostic-report",
                "schema-validation",
                "health-monitoring"
            ],
            "intent": "System health analysis and structural diagnosis"
        },
        {
            "id": "inception-meta",
            "label": "INCEPTION SPIRE",
            "type": "spire",
            "color": "#a855f7",
            "position": {
                "x": 0.68,
                "y": 0.78
            },
            "trailLevel": 1,
            "fileCount": 4,
            "dateRange": "Nov 24",
            "artifacts": [
                {
                    "text": "inception-editor.html",
                    "actor": 1,
                    "type": "artifact",
                    "timestamp": "2025-11-24T04:23:20.264885",
                    "size_human": "38.54 KB",
                    "path": "/Users/gaia/COURAGE/inception-editor.html"
                },
                {
                    "text": "inception-harness.html",
                    "actor": 1,
                    "type": "artifact",
                    "timestamp": "2025-11-24T06:48:54.422140",
                    "size_human": "14.11 KB",
                    "path": "/Users/gaia/COURAGE/inception-harness.html"
                },
                {
                    "text": "inception-horseman.html",
                    "actor": 1,
                    "type": "artifact",
                    "timestamp": "2025-11-24T06:56:12.799095",
                    "size_human": "27.54 KB",
                    "path": "/Users/gaia/COURAGE/inception-horseman.html"
                },
                {
                    "text": "inception-tetrad-code-editor.html",
                    "actor": 1,
                    "type": "artifact",
                    "timestamp": "2025-11-24T05:38:30.623086",
                    "size_human": "19.33 KB",
                    "path": "/Users/gaia/COURAGE/inception-tetrad-code-editor.html"
                }
            ],
            "decisions": [
                "Meta-level code editing",
                "Harness pattern for testing",
                "Tetrad integration"
            ],
            "patterns": [
                "inception-harness",
                "meta-editing",
                "tetrad-code"
            ],
            "intent": "Meta-level tool creation - tools that make tools"
        },
        {
            "id": "knowledge-hubs",
            "label": "KNOWLEDGE HUB",
            "type": "hub",
            "color": "#06b6d4",
            "position": {
                "x": 0.12,
                "y": 0.42
            },
            "trailLevel": 2,
            "fileCount": 5,
            "dateRange": "Nov 22 - Dec 3",
            "artifacts": [
                {
                    "text": "knowledge-hub.html",
                    "actor": 1,
                    "type": "artifact",
                    "timestamp": "2025-11-22T19:39:08.718029",
                    "size_human": "11.05 KB",
                    "path": "/Users/gaia/COURAGE/knowledge-hub.html"
                },
                {
                    "text": "lab-hub.html",
                    "actor": 1,
                    "type": "artifact",
                    "timestamp": "2025-11-22T22:12:58.412264",
                    "size_human": "8.84 KB",
                    "path": "/Users/gaia/COURAGE/lab-hub.html"
                },
                {
                    "text": "system-monitor.html",
                    "actor": 1,
                    "type": "artifact",
                    "timestamp": "2025-11-23T03:59:14.262293",
                    "size_human": "50.96 KB",
                    "path": "/Users/gaia/COURAGE/system-monitor.html"
                },
                {
                    "text": "l-system-ontology-weaver.html",
                    "actor": 1,
                    "type": "artifact",
                    "timestamp": "2025-11-23T00:29:38.461388",
                    "size_human": "27.68 KB",
                    "path": "/Users/gaia/COURAGE/l-system-ontology-weaver.html"
                },
                {
                    "text": "index.html",
                    "actor": 1,
                    "type": "artifact",
                    "timestamp": "2025-12-03T17:36:57.528294",
                    "size_human": "50.52 KB",
                    "path": "/Users/gaia/COURAGE/index.html"
                }
            ],
            "decisions": [
                "Library card interface pattern",
                "WeaverOS TUI metaphor",
                "L-System categorization"
            ],
            "patterns": [
                "library-cards",
                "tui-interface",
                "l-system-ontology"
            ],
            "intent": "Central navigation and documentation access points"
        },
        {
            "id": "unsorted",
            "label": "UNCHARTED BACKLOG",
            "type": "plains",
            "color": "#94a3b8",
            "position": {
                "x": 0.05,
                "y": 0.9
            },
            "trailLevel": 0,
            "fileCount": 49,
            "dateRange": "Various",
            "artifacts": [
                {
                    "text": "lim.html",
                    "actor": 1,
                    "type": "artifact",
                    "timestamp": "2025-11-18T22:46:05.505738",
                    "size_human": "34.19 KB",
                    "path": "/Users/gaia/COURAGE/lim.html"
                },
                {
                    "text": "mfs.html",
                    "actor": 1,
                    "type": "artifact",
                    "timestamp": "2025-11-18T22:46:33.135235",
                    "size_human": "32.93 KB",
                    "path": "/Users/gaia/COURAGE/mfs.html"
                },
                {
                    "text": "mfr.html",
                    "actor": 1,
                    "type": "artifact",
                    "timestamp": "2025-11-18T22:47:08.587641",
                    "size_human": "57.41 KB",
                    "path": "/Users/gaia/COURAGE/mfr.html"
                },
                {
                    "text": "dna.html",
                    "actor": 1,
                    "type": "artifact",
                    "timestamp": "2025-11-18T22:47:30.858658",
                    "size_human": "38.39 KB",
                    "path": "/Users/gaia/COURAGE/dna.html"
                },
                {
                    "text": "lim-base.html",
                    "actor": 1,
                    "type": "artifact",
                    "timestamp": "2025-11-18T22:48:02.528016",
                    "size_human": "53.86 KB",
                    "path": "/Users/gaia/COURAGE/lim-base.html"
                },
                {
                    "text": "manual.html",
                    "actor": 1,
                    "type": "artifact",
                    "timestamp": "2025-11-18T22:51:05.910503",
                    "size_human": "56.51 KB",
                    "path": "/Users/gaia/COURAGE/manual.html"
                },
                {
                    "text": "courage.html",
                    "actor": 1,
                    "type": "artifact",
                    "timestamp": "2025-11-18T22:51:36.342905",
                    "size_human": "456.23 KB",
                    "path": "/Users/gaia/COURAGE/courage.html"
                },
                {
                    "text": "courage_annotated.html",
                    "actor": 1,
                    "type": "artifact",
                    "timestamp": "2025-11-18T23:55:09.780689",
                    "size_human": "463.81 KB",
                    "path": "/Users/gaia/COURAGE/courage_annotated.html"
                },
                {
                    "text": "grid-walk.html",
                    "actor": 1,
                    "type": "artifact",
                    "timestamp": "2025-11-19T00:36:36.799281",
                    "size_human": "84.51 KB",
                    "path": "/Users/gaia/COURAGE/grid-walk.html"
                },
                {
                    "text": "grid-walk copy.html",
                    "actor": 1,
                    "type": "artifact",
                    "timestamp": "2025-11-19T00:36:36.799281",
                    "size_human": "84.51 KB",
                    "path": "/Users/gaia/COURAGE/grid-walk copy.html"
                },
                {
                    "text": "multimanual.html",
                    "actor": 1,
                    "type": "artifact",
                    "timestamp": "2025-11-19T04:31:57.778736",
                    "size_human": "58.00 KB",
                    "path": "/Users/gaia/COURAGE/multimanual.html"
                },
                {
                    "text": "wag_gold_scene_1_2025-11-19_04-52-50 (1).json",
                    "actor": 1,
                    "type": "artifact",
                    "timestamp": "2025-11-19T04:52:50.989760",
                    "size_human": "287.64 KB",
                    "path": "/Users/gaia/COURAGE/wag_gold_scene_1_2025-11-19_04-52-50 (1).json"
                },
                {
                    "text": "multi-move.html",
                    "actor": 1,
                    "type": "artifact",
                    "timestamp": "2025-11-19T08:08:03.052249",
                    "size_human": "25.93 KB",
                    "path": "/Users/gaia/COURAGE/multi-move.html"
                },
                {
                    "text": "multi-move-bones.html",
                    "actor": 1,
                    "type": "artifact",
                    "timestamp": "2025-11-19T08:11:01.129851",
                    "size_human": "19.40 KB",
                    "path": "/Users/gaia/COURAGE/multi-move-bones.html"
                },
                {
                    "text": "multi-good.html",
                    "actor": 1,
                    "type": "artifact",
                    "timestamp": "2025-11-19T08:16:42.574165",
                    "size_human": "50.91 KB",
                    "path": "/Users/gaia/COURAGE/multi-good.html"
                },
                {
                    "text": "wag_gold_other_563_2025-11-21_16-21-42.json",
                    "actor": 1,
                    "type": "artifact",
                    "timestamp": "2025-11-21T16:21:42.122532",
                    "size_human": "168.09 KB",
                    "path": "/Users/gaia/COURAGE/wag_gold_other_563_2025-11-21_16-21-42.json"
                },
                {
                    "text": "wag_gold_scene_1_2025-11-22_20-09-17 (1).json",
                    "actor": 1,
                    "type": "artifact",
                    "timestamp": "2025-11-21T20:09:18.024771",
                    "size_human": "293.56 KB",
                    "path": "/Users/gaia/COURAGE/wag_gold_scene_1_2025-11-22_20-09-17 (1).json"
                },
                {
                    "text": "mpd-line-grid-viewer.html",
                    "actor": 1,
                    "type": "artifact",
                    "timestamp": "2025-11-21T21:12:37.322148",
                    "size_human": "24.03 KB",
                    "path": "/Users/gaia/COURAGE/mpd-line-grid-viewer.html"
                },
                {
                    "text": "mpd-data-explorer.html",
                    "actor": 1,
                    "type": "artifact",
                    "timestamp": "2025-11-21T21:44:56.839132",
                    "size_human": "35.28 KB",
                    "path": "/Users/gaia/COURAGE/mpd-data-explorer.html"
                },
                {
                    "text": "line-aware-scene-graph.md",
                    "actor": 1,
                    "type": "artifact",
                    "timestamp": "2025-11-22T05:00:36.164609",
                    "size_human": "12.22 KB",
                    "path": "/Users/gaia/COURAGE/line-aware-scene-graph.md"
                },
                {
                    "text": "line-22-autopsy.html",
                    "actor": 1,
                    "type": "artifact",
                    "timestamp": "2025-11-22T17:53:03.131296",
                    "size_human": "24.38 KB",
                    "path": "/Users/gaia/COURAGE/line-22-autopsy.html"
                },
                {
                    "text": "architecture-decision-matrix.html",
                    "actor": 1,
                    "type": "artifact",
                    "timestamp": "2025-11-22T18:03:56.388495",
                    "size_human": "24.93 KB",
                    "path": "/Users/gaia/COURAGE/architecture-decision-matrix.html"
                },
                {
                    "text": "disentangling-strategy.html",
                    "actor": 1,
                    "type": "artifact",
                    "timestamp": "2025-11-22T18:10:03.607334",
                    "size_human": "21.98 KB",
                    "path": "/Users/gaia/COURAGE/disentangling-strategy.html"
                },
                {
                    "text": "file-manifest-raw.json",
                    "actor": 1,
                    "type": "artifact",
                    "timestamp": "2025-11-22T22:28:06.316330",
                    "size_human": "11.54 KB",
                    "path": "/Users/gaia/COURAGE/file-manifest-raw.json"
                },
                {
                    "text": "ontology-conveyor.html",
                    "actor": 1,
                    "type": "artifact",
                    "timestamp": "2025-11-23T00:50:39.418912",
                    "size_human": "27.24 KB",
                    "path": "/Users/gaia/COURAGE/ontology-conveyor.html"
                },
                {
                    "text": "trubador-archive.html",
                    "actor": 1,
                    "type": "artifact",
                    "timestamp": "2025-11-23T00:55:09.153318",
                    "size_human": "24.50 KB",
                    "path": "/Users/gaia/COURAGE/trubador-archive.html"
                },
                {
                    "text": "thousand-tetrad.html",
                    "actor": 1,
                    "type": "artifact",
                    "timestamp": "2025-11-23T02:28:10.489503",
                    "size_human": "591.71 KB",
                    "path": "/Users/gaia/COURAGE/thousand-tetrad.html"
                },
                {
                    "text": "wag-frank-tetrad-studio.html",
                    "actor": 1,
                    "type": "artifact",
                    "timestamp": "2025-11-24T02:46:23.215818",
                    "size_human": "9.44 KB",
                    "path": "/Users/gaia/COURAGE/wag-frank-tetrad-studio.html"
                },
                {
                    "text": "wag-frank-tetrad-unif.html",
                    "actor": 1,
                    "type": "artifact",
                    "timestamp": "2025-11-24T03:05:22.072741",
                    "size_human": "19.62 KB",
                    "path": "/Users/gaia/COURAGE/wag-frank-tetrad-unif.html"
                },
                {
                    "text": "wag-frank-tetrad-olog.html",
                    "actor": 1,
                    "type": "artifact",
                    "timestamp": "2025-11-24T03:08:31.078415",
                    "size_human": "20.95 KB",
                    "path": "/Users/gaia/COURAGE/wag-frank-tetrad-olog.html"
                },
                {
                    "text": "wag-frank-tetrad-term.html",
                    "actor": 1,
                    "type": "artifact",
                    "timestamp": "2025-11-24T03:25:04.331367",
                    "size_human": "21.57 KB",
                    "path": "/Users/gaia/COURAGE/wag-frank-tetrad-term.html"
                },
                {
                    "text": "lego-v2-executable.html",
                    "actor": 1,
                    "type": "artifact",
                    "timestamp": "2025-11-24T04:47:33.743949",
                    "size_human": "24.53 KB",
                    "path": "/Users/gaia/COURAGE/lego-v2-executable.html"
                },
                {
                    "text": "lego-auto-mapper.html",
                    "actor": 1,
                    "type": "artifact",
                    "timestamp": "2025-11-24T05:22:33.596449",
                    "size_human": "15.37 KB",
                    "path": "/Users/gaia/COURAGE/lego-auto-mapper.html"
                },
                {
                    "text": "etymology.html",
                    "actor": 1,
                    "type": "artifact",
                    "timestamp": "2025-11-24T19:32:33.657462",
                    "size_human": "7.51 KB",
                    "path": "/Users/gaia/COURAGE/etymology.html"
                },
                {
                    "text": "glb-mento-moe copy.html",
                    "actor": 1,
                    "type": "artifact",
                    "timestamp": "2025-11-26T03:20:05.550344",
                    "size_human": "111.25 KB",
                    "path": "/Users/gaia/COURAGE/glb-mento-moe copy.html"
                },
                {
                    "text": "mento-385.html",
                    "actor": 1,
                    "type": "artifact",
                    "timestamp": "2025-11-26T03:46:06.164953",
                    "size_human": "41.64 KB",
                    "path": "/Users/gaia/COURAGE/mento-385.html"
                },
                {
                    "text": "mento-369 copy.html",
                    "actor": 1,
                    "type": "artifact",
                    "timestamp": "2025-11-26T17:51:42.661030",
                    "size_human": "98.60 KB",
                    "path": "/Users/gaia/COURAGE/mento-369 copy.html"
                },
                {
                    "text": "mento-370.html",
                    "actor": 1,
                    "type": "artifact",
                    "timestamp": "2025-11-27T18:53:22.587295",
                    "size_human": "126.58 KB",
                    "path": "/Users/gaia/COURAGE/mento-370.html"
                },
                {
                    "text": "watson-slopwright.html",
                    "actor": 1,
                    "type": "artifact",
                    "timestamp": "2025-11-30T22:44:44.664488",
                    "size_human": "24.35 KB",
                    "path": "/Users/gaia/COURAGE/watson-slopwright.html"
                },
                {
                    "text": "taxonomy-neuro.html",
                    "actor": 1,
                    "type": "artifact",
                    "timestamp": "2025-11-30T23:03:19.497969",
                    "size_human": "24.29 KB",
                    "path": "/Users/gaia/COURAGE/taxonomy-neuro.html"
                },
                {
                    "text": "neuro-tutorial.html",
                    "actor": 1,
                    "type": "artifact",
                    "timestamp": "2025-11-30T23:36:09.397130",
                    "size_human": "15.67 KB",
                    "path": "/Users/gaia/COURAGE/neuro-tutorial.html"
                },
                {
                    "text": "grid-nav.html",
                    "actor": 1,
                    "type": "artifact",
                    "timestamp": "2025-11-30T23:39:05.141587",
                    "size_human": "11.20 KB",
                    "path": "/Users/gaia/COURAGE/grid-nav.html"
                },
                {
                    "text": "egri-worksheet.html",
                    "actor": 1,
                    "type": "artifact",
                    "timestamp": "2025-11-30T23:55:57.860215",
                    "size_human": "26.39 KB",
                    "path": "/Users/gaia/COURAGE/egri-worksheet.html"
                },
                {
                    "text": "index 16.html",
                    "actor": 1,
                    "type": "artifact",
                    "timestamp": "2025-12-01T00:02:49.131625",
                    "size_human": "19.50 KB",
                    "path": "/Users/gaia/COURAGE/index 16.html"
                },
                {
                    "text": "verify_neuro_system.html",
                    "actor": 1,
                    "type": "artifact",
                    "timestamp": "2025-12-01T00:14:53.725015",
                    "size_human": "8.90 KB",
                    "path": "/Users/gaia/COURAGE/verify_neuro_system.html"
                },
                {
                    "text": "neuro-studio.html",
                    "actor": 1,
                    "type": "artifact",
                    "timestamp": "2025-12-01T00:20:04.438347",
                    "size_human": "46.50 KB",
                    "path": "/Users/gaia/COURAGE/neuro-studio.html"
                },
                {
                    "text": "test_mpd_export.html",
                    "actor": 1,
                    "type": "artifact",
                    "timestamp": "2025-12-01T00:21:35.830148",
                    "size_human": "6.63 KB",
                    "path": "/Users/gaia/COURAGE/test_mpd_export.html"
                },
                {
                    "text": "index (22).html",
                    "actor": 1,
                    "type": "artifact",
                    "timestamp": "2025-12-01T17:15:38.728959",
                    "size_human": "20.04 KB",
                    "path": "/Users/gaia/COURAGE/index (22).html"
                },
                {
                    "text": "onto-ancestor.html",
                    "actor": 1,
                    "type": "artifact",
                    "timestamp": "2025-12-01T19:54:58.763233",
                    "size_human": "41.77 KB",
                    "path": "/Users/gaia/COURAGE/onto-ancestor.html"
                }
            ],
            "decisions": [
                "Pending classification"
            ],
            "patterns": [
                "entropy"
            ],
            "intent": "Unsorted discoveries"
        }
    ],
    "connections": [
        {
            "from": "wag-system",
            "to": "gold-snapshots",
            "type": "produces"
        },
        {
            "from": "wag-system",
            "to": "onyx-narrative",
            "type": "integrates"
        },
        {
            "from": "gar-segmentation",
            "to": "onyx-narrative",
            "type": "functor"
        },
        {
            "from": "skeleton-structure",
            "to": "timber-trees",
            "type": "shares-pattern"
        },
        {
            "from": "brick-construction",
            "to": "legos-tutorials",
            "type": "teaches"
        },
        {
            "from": "mesh-temporal",
            "to": "skeleton-structure",
            "type": "encodes"
        },
        {
            "from": "pathology-diagnostic",
            "to": "skeleton-structure",
            "type": "diagnoses"
        },
        {
            "from": "inception-meta",
            "to": "legos-tutorials",
            "type": "generates"
        },
        {
            "from": "knowledge-hubs",
            "to": "legos-tutorials",
            "type": "indexes"
        },
        {
            "from": "knowledge-hubs",
            "to": "timber-trees",
            "type": "indexes"
        }
    ],
    "timeline": [
        {
            "date": "2025-11-18",
            "label": "Repository Genesis - courage.html created",
            "significance": "major"
        },
        {
            "date": "2025-11-19",
            "label": "WAG system begins - wag-brave, grid-walk",
            "significance": "major"
        },
        {
            "date": "2025-11-20",
            "label": "Brick Haven & Timber families emerge",
            "significance": "minor"
        },
        {
            "date": "2025-11-21",
            "label": "Skeleton binding system created",
            "significance": "minor"
        },
        {
            "date": "2025-11-22",
            "label": "Temporal mesh & pathology systems",
            "significance": "major"
        },
        {
            "date": "2025-11-23",
            "label": "Thousand-tetrad & system-monitor",
            "significance": "minor"
        },
        {
            "date": "2025-11-24",
            "label": "Inception & Frank frameworks",
            "significance": "major"
        },
        {
            "date": "2025-11-30",
            "label": "GAR series begins (00-07)",
            "significance": "major"
        },
        {
            "date": "2025-12-01",
            "label": "ONYX narrative system created",
            "significance": "major"
        },
        {
            "date": "2025-12-02",
            "label": "GAR-ONYX bridge completed",
            "significance": "major"
        },
        {
            "date": "2025-12-03",
            "label": "Workshop & index finalized",
            "significance": "minor"
        },
        {
            "date": "2025-12-10",
            "label": "Trail Olog infrastructure",
            "significance": "major"
        }
    ],
    "ontology_types": {
        "C": {
            "name": "Creator",
            "description": "Person producing digital content"
        },
        "T": {
            "name": "Trail",
            "description": "Evolving history of creator's process"
        },
        "A": {
            "name": "Artifact",
            "description": "Drafts, versions, clips, exports"
        },
        "M": {
            "name": "Metadata",
            "description": "Timestamps, tags, annotations"
        },
        "D": {
            "name": "Decision",
            "description": "Edits, choices, branches"
        },
        "S": {
            "name": "Trail-Aware Tool",
            "description": "Tool designed around trail data"
        },
        "P": {
            "name": "Pattern",
            "description": "Recurring behavior from trail"
        },
        "I": {
            "name": "Intent",
            "description": "Creator's goals, style, vision"
        }
    },
    "morphisms": [
        "generates : Creator \u2192 Trail",
        "contains : Trail \u2192 {Artifact, Metadata, Decision}",
        "observes : Tool \u2192 Trail",
        "infers : Tool \u00d7 Trail \u2192 Pattern",
        "adapts : Tool \u00d7 Pattern \u2192 Tool",
        "supports : Tool \u2192 Intent"
    ]
}